M9R,('43.698692', '-79.560443')
T7N,('54.1269859', '-114.4042896')
H7L,('45.630038', '-73.779661')
M2J,('43.7884427', '-79.3718133')
V3N,('49.22211', '-122.926445')
J4J,('45.524521', '-73.48874')
K0M,('44.810097', '-78.654385')
E2E,('45.412659', '-65.971793')
L1C,('43.9185635', '-78.6828959')
T1Y,('51.074872', '-113.977837')
P1H,('45.331698', '-79.225138')
G6V,('46.811498', '-71.153924')
S6V,('53.201003', '-105.754281')
V8S,('48.423759', '-123.332687')
T5M,('53.5668942', '-113.5381666')
M4C,('43.688438', '-79.307762')
V4X,('49.057079', '-122.422179')
T3C,('51.053541', '-114.15032')
A2H,('48.9590519', '-57.9371873')
K7V,('45.4738367', '-76.6780952')
G8B,('48.552489', '-71.637565')
G4R,('50.20483', '-66.304303')
V6M,('49.227382', '-123.128265')
L4N,('44.358827', '-79.711773')
H2K,('45.528412', '-73.554456')
H4H,('45.452808', '-73.572288')
E1A,('46.110312', '-64.736639')
L2G,('43.04644', '-79.064789')
J2E,('45.906867', '-72.524623')
J9P,('48.071162', '-77.872634')
N3H,('43.400606', '-80.359684')
M8W,('43.6051772', '-79.5341438')
J3G,('45.5654564', '-73.2017816')
H2A,('45.559978', '-73.608679')
K1B,('45.427024', '-75.600707')
E2K,('45.278788', '-66.080566')
J5K,('45.795705', '-74.038195')
H8Z,('45.5154277', '-73.83639')
N2C,('43.4285514', '-80.4462178')
S4H,('49.66364', '-103.860313')
V5B,('49.280269', '-122.969913')
R8A,('54.7744475', '-101.8497305')
L3B,('42.980604', '-79.247608')
M2R,('43.7706842', '-79.4315716')
N2G,('43.455838', '-80.510323')
G2K,('46.852784', '-71.316975')
N9A,('42.3133735', '-83.0363231')
L4L,('43.801381', '-79.60465')
K8N,('44.1814301', '-77.3736091')
L3P,('43.8868601', '-79.2552988')
E3V,('47.398771', '-68.330518')
K9V,('44.3354799', '-78.7492148')
N8S,('42.33931', '-82.939459')
H1T,('45.569217', '-73.569135')
N1E,('43.557887', '-80.24575')
H1M,('45.579178', '-73.553848')
M6H,('43.676335', '-79.433169')
J6J,('45.37411', '-73.738683')
B1A,('46.1898252', '-59.9631261')
V1J,('56.2542885', '-120.8525765')
L4K,('43.8381582', '-79.502444')
R3C,('49.8908387', '-97.1449112')
N7G,('42.9510035', '-81.6289975')
L3V,('44.6190985', '-79.495209')
P1A,('46.289398', '-79.452704')
B2V,('44.677836', '-63.479217')
N8W,('42.300201', '-83.005803')
V7M,('49.311176', '-123.083925')
H7W,('45.542316', '-73.770789')
L2S,('43.162812', '-79.266245')
L6C,('43.897424', '-79.310663')
J1X,('45.2664863', '-72.1479889')
T6K,('53.441711', '-113.44036')
H4E,('45.466196', '-73.587755')
J9Y,('48.388422', '-79.022455')
L2P,('43.145307', '-79.205911')
A1A,('47.5885578', '-52.689192')
L6Z,('43.732189', '-79.801208')
J2A,('45.8082223', '-72.4448457')
V4W,('49.0967786', '-122.5260549')
N1S,('43.367286', '-80.329132')
B4E,('44.7815898', '-63.6952529')
L1R,('43.9073181', '-78.9148087')
R3T,('49.793573', '-97.14454')
E4R,('46.3405919', '-64.6200298')
H8R,('45.4337925', '-73.6457758')
E7E,('47.252406', '-68.023721')
E7B,('47.453796', '-68.287615')
V3S,('49.1410115', '-122.81478')
J3B,('45.297953', '-73.254338')
V2C,('50.668728', '-120.157207')
M3J,('43.7549662', '-79.4960127')
G7J,('48.432884', '-71.116575')
N7M,('42.403122', '-82.183862')
M8X,('43.647597', '-79.51031')
G4V,('49.127567', '-66.461692')
V6B,('49.2796673', '-123.1134823')
N1G,('43.522619', '-80.227984')
V2A,('49.498824', '-119.58913')
J1E,('45.412317', '-71.861968')
V1T,('50.260236', '-119.265341')
C1B,('46.215414', '-63.081956')
T5T,('53.5177305', '-113.6286545')
P4N,('48.468906', '-81.341449')
H7G,('45.576294', '-73.674538')
E7P,('46.289984', '-67.51568')
J9J,('45.440743', '-75.841402')
J0Z,('46.785434', '-78.986138')
T5C,('53.589299', '-113.453957')
A1C,('47.565875', '-52.718253')
M1K,('43.726716', '-79.26991')
L7C,('43.787808', '-79.921719')
B9A,('45.622091', '-61.339522')
V6H,('49.246467', '-123.137484')
X1A,('62.443829', '-114.419531')
G4X,('48.831173', '-64.491726')
T8V,('55.1769908', '-118.7844618')
L5M,('43.555672', '-79.74321')
R2W,('49.921971', '-97.148042')
N7T,('42.983463', '-82.403942')
P7B,('48.4257375', '-89.254546')
T2N,('51.071502', '-114.136111')
L1S,('43.863259', '-79.032698')
T3R,('51.1765565', '-114.1581855')
L9Y,('44.503146', '-80.222188')
V8A,('49.809212', '-124.517089')
V9B,('48.437991', '-123.492677')
G3G,('46.904045', '-71.365475')
V2M,('53.912437', '-122.803875')
T9A,('52.9761361', '-113.3856885')
T7E,('53.5855087', '-116.4428615')
T6J,('53.467545', '-113.508716')
V6X,('49.178432', '-123.091712')
E4P,('46.2357483', '-64.5124685')
P3G,('46.434985', '-80.933704')
K7L,('44.232175', '-76.49464')
M4S,('43.704211', '-79.379485')
K1T,('45.358469', '-75.644724')
E3A,('45.983207', '-66.672176')
L4M,('44.3943', '-79.692593')
L8G,('43.214608', '-79.757232')
S7J,('52.097155', '-106.638282')
V8L,('48.673745', '-123.457731')
G1V,('46.76847', '-71.286404')
J5B,('45.377529', '-73.547875')
H7S,('45.57813', '-73.740644')
V8V,('48.414415', '-123.374727')
V8W,('48.4250065', '-123.365279')
J7C,('45.659317', '-73.854778')
G7P,('48.5556837', '-71.3205493')
M1W,('43.7967479', '-79.3157403')
V2T,('49.068313', '-122.350668')
V1N,('49.240349', '-117.688602')
E8E,('47.983614', '-66.328477')
L7E,('43.879307', '-79.735073')
J6S,('45.199732', '-74.164525')
V2G,('52.10412', '-122.128396')
N1T,('43.356295', '-80.281027')
V9R,('49.16275', '-123.959841')
G3S,('46.863956', '-71.431504')
B4A,('44.725199', '-63.667093')
T5Z,('53.629865', '-113.455889')
E3C,('45.8623189', '-66.6682645')
A5A,('48.2053011', '-53.9624853')
G7H,('48.421293', '-71.021807')
T4R,('52.265231', '-113.758447')
K2M,('45.290533', '-75.856043')
P1B,('46.324973', '-79.46892')
L6E,('43.899227', '-79.273304')
J6E,('46.041385', '-73.431866')
K9A,('43.962906', '-78.173776')
V3B,('49.285277', '-122.736468')
G6W,('46.754946', '-71.223964')
H4C,('45.48411', '-73.579769')
L3R,('43.826903', '-79.300474')
V1L,('49.4925159', '-117.2928392')
E4V,('46.642745', '-64.731506')
V3A,('49.084713', '-122.6542745')
R2N,('49.808082', '-97.095619')
K7A,('44.909845', '-76.021825')
J5R,('45.388468', '-73.512109')
H4T,('45.490528', '-73.702541')
L3C,('42.996532', '-79.266808')
N6N,('42.917558', '-81.17046')
E2V,('45.983879', '-66.681534')
G1C,('46.899709', '-71.172019')
B3N,('44.660588', '-63.630023')
J5Y,('45.765119', '-73.429534')
L2N,('43.184417', '-79.241819')
H1K,('45.608289', '-73.547935')
J2W,('45.342129', '-73.2921')
V1G,('55.7573135', '-120.2244985')
L2R,('43.177526', '-79.260873')
J6A,('45.719659', '-73.47565')
N6A,('42.982905', '-81.252933')
N1R,('43.3805949', '-80.3126724')
J7Z,('45.768085', '-73.990616')
N2B,('43.455927', '-80.468414')
V5P,('49.221056', '-123.062574')
L6J,('43.505564', '-79.661156')
C1A,('46.253096', '-63.115623')
T8N,('53.63896', '-113.582089')
V0G,('49.087362', '-117.580248')
J3Y,('45.4737365', '-73.4029805')
R3Y,('49.8139999', '-97.2076676')
N3T,('43.12697', '-80.271192')
L2M,('43.197651', '-79.231317')
G9T,('46.622935', '-72.703202')
T6A,('53.55009', '-113.439958')
V7N,('49.338908', '-123.068741')
L2H,('43.0808705', '-79.1663174')
H3G,('45.520295', '-73.556528')
L1V,('43.8178385', '-79.1294365')
S9H,('50.280146', '-107.797926')
B1H,('46.241679', '-60.101568')
G9N,('46.5436478', '-72.7457698')
T4L,('52.4713', '-113.45341')
V6R,('49.263642', '-123.205917')
G2E,('46.819192', '-71.367782')
L6X,('43.679541', '-79.782378')
E9E,('47.131219', '-65.84964')
E1G,('46.109461', '-64.849033')
J3N,('45.5230733', '-73.2930209')
G8E,('48.6319642', '-71.694439')
A8A,('49.194421', '-57.463453')
E2L,('45.28678', '-66.046267')
L5A,('43.594347', '-79.63136')
H9E,('45.479094', '-73.924207')
J8T,('45.467452', '-75.692872')
K2A,('45.3696714', '-75.7673159')
H4A,('45.472497', '-73.611944')
V0R,('48.8078', '-124.136455')
E4E,('45.715963', '-65.505726')
V8R,('48.441989', '-123.336349')
V3V,('49.169281', '-122.878852')
M2M,('43.786985', '-79.413536')
T5R,('53.5092208', '-113.5949529')
V1M,('49.171609', '-122.636975')
N2Z,('44.19566', '-81.63034')
V8N,('48.4779744', '-123.3163887')
G5J,('48.4575404', '-67.4186541')
T9E,('53.314819', '-113.521674')
T3G,('51.120442', '-114.197114')
M2K,('43.7936352', '-79.3921705')
M9L,('43.7548445', '-79.568254')
M1C,('43.788523', '-79.136623')
K7M,('44.221416', '-76.581146')
L9C,('43.230945', '-79.898762')
L9H,('43.32914', '-79.897921')
P7A,('48.4873241', '-89.1243927')
T3N,('51.1716168', '-113.935855')
E2A,('47.587406', '-65.650109')
T2A,('51.046142', '-113.925714')
K6V,('44.583488', '-75.691886')
G1K,('46.807946', '-71.220149')
G5M,('48.505116', '-68.460471')
H4L,('45.511383', '-73.684297')
J4T,('45.489085', '-73.469424')
K1H,('45.397302', '-75.654735')
T6H,('53.484813', '-113.567343')
H2T,('45.526995', '-73.592931')
R2V,('49.9522299', '-97.1293294')
C1E,('46.26814', '-63.168622')
H1L,('45.612163', '-73.523629')
B4N,('44.883211', '-64.635006')
T8A,('53.540537', '-113.286522')
T4P,('52.297946', '-113.823708')
R1A,('50.132512', '-96.893778')
J7A,('45.647901', '-73.782099')
V5V,('49.2486568', '-123.0877452')
V4A,('49.053756', '-122.881574')
K1M,('45.4439304', '-75.6931206')
N5W,('42.991609', '-81.227006')
V4T,('49.8295319', '-119.6281513')
H9R,('45.455756', '-73.78798')
J2G,('45.410601', '-72.732507')
E4W,('46.594954', '-64.841008')
T3Z,('51.025112', '-114.085208')
T2T,('51.034789', '-114.102268')
J8P,('45.485199', '-75.67347')
K1R,('45.4097266', '-75.7047275')
L7K,('43.922807', '-80.032997')
H9H,('45.46315', '-73.863266')
N3R,('43.153955', '-80.277517')
E1X,('47.46417', '-64.941194')
H7Y,('45.5235124', '-73.8652199')
M5M,('43.725827', '-79.4192685')
L4E,('43.941795', '-79.45517')
T5H,('53.55029', '-113.488766')
E9C,('46.555399', '-66.120488')
E5N,('45.384887', '-65.633127')
P5N,('49.42184', '-82.436067')
B2W,('44.676237', '-63.530866')
H8P,('45.4243063', '-73.6003303')
J2B,('45.864635', '-72.472217')
V5C,('49.275522', '-122.99419')
V2Y,('49.0884101', '-122.6483262')
G1G,('46.881063', '-71.29433')
V1Z,('50.1473355', '-119.5093166')
V5Y,('49.2457415', '-123.1092431')
P3L,('46.548801', '-80.879442')
L9E,('43.5168204', '-79.8363503')
J1N,('45.362417', '-71.976412')
T5E,('53.584941', '-113.527013')
N7A,('43.73363', '-81.706179')
J7X,('45.275153', '-74.223324')
V6Z,('49.2749939', '-123.1317963')
V3J,('49.2534192', '-122.9003528')
J9H,('45.3835336', '-75.8342063')
G1J,('46.846236', '-71.216344')
K1G,('45.392672', '-75.634993')
K1Z,('45.381282', '-75.723449')
B2X,('44.688125', '-63.541351')
L7B,('43.993683', '-79.631751')
V9T,('49.2179429', '-123.9469413')
T5S,('53.543544', '-113.619311')
G7S,('48.416476', '-71.168872')
V9C,('48.353514', '-123.560287')
H3M,('45.53994', '-73.687421')
T1J,('49.696446', '-112.832895')
V5J,('49.207805', '-122.973755')
L9B,('43.2073765', '-79.8744395')
R7A,('49.86696', '-99.93966')
G4T,('47.3927869', '-61.7894178')
H1E,('45.64309', '-73.557261')
A1H,('47.4894554', '-52.8204725')
V2S,('49.040151', '-122.311011')
K6H,('45.020689', '-74.70847')
V9Y,('49.217927', '-124.796287')
L4A,('43.9705907', '-79.2412339')
E2H,('45.320501', '-66.021026')
E4G,('45.907842', '-65.533393')
V2P,('49.17343', '-121.951176')
L4C,('43.881721', '-79.419418')
J9Z,('48.809069', '-79.209657')
V7E,('49.1458586', '-123.1633242')
J4L,('45.51724', '-73.472889')
L7N,('43.368179', '-79.790604')
M5N,('43.718751', '-79.417651')
T5W,('53.573466', '-113.41284')
G6P,('46.060989', '-71.989336')
T7Y,('53.3670749', '-113.8212761')
A1L,('47.544021', '-52.8695139')
H1G,('45.624725', '-73.619291')
J2S,('45.6395289', '-72.9520387')
L3Z,('44.108568', '-79.56711')
G9X,('47.455424', '-72.777834')
M1B,('43.83015', '-79.166583')
L4Y,('43.5973265', '-79.5725385')
B3V,('44.533014', '-63.594193')
E4S,('46.471902', '-64.764556')
H3N,('45.530558', '-73.634883')
V2K,('53.973674', '-122.79569')
T6L,('53.4690577', '-113.4331879')
H8N,('45.448748', '-73.606681')
R5G,('49.532136', '-96.712132')
E3Z,('47.0480236', '-67.7398836')
H3K,('45.479204', '-73.556185')
H2S,('45.536581', '-73.604002')
J5T,('45.882464', '-73.290541')
S4Y,('50.480074', '-104.691658')
B6L,('45.3842654', '-63.2130407')
E1C,('46.094969', '-64.777965')
G6G,('46.094395', '-71.294192')
S4R,('50.473625', '-104.649605')
R2K,('49.931803', '-97.100013')
J6K,('45.355517', '-73.711901')
V8G,('54.523243', '-128.592149')
M1L,('43.692292', '-79.28569')
K7S,('45.4381543', '-76.3676216')
R3J,('49.900944', '-97.260597')
K1Y,('45.399386', '-75.718468')
G5V,('46.982901', '-70.558242')
K9J,('44.2994332', '-78.3228214')
E2S,('45.3328727', '-65.7498157')
B1C,('45.9858932', '-59.9928314')
V6P,('49.22695', '-123.152269')
H9A,('45.494172', '-73.835986')
N2E,('43.410758', '-80.494561')
E1V,('47.000657', '-65.56522')
V8Z,('48.450487', '-123.377853')
H7P,('45.571819', '-73.799748')
K2B,('45.361818', '-75.794561')
V1W,('49.816874', '-119.485914')
T7X,('53.553338', '-113.897997')
K2G,('45.2847232', '-75.7098346')
J4Y,('45.437021', '-73.46113')
Y1A,('60.605219', '-134.975107')
H3R,('45.508053', '-73.66024')
T8B,('53.4827923', '-113.2955565')
L8L,('43.252659', '-79.837851')
T6C,('53.52604', '-113.44909')
J5Z,('45.754737', '-73.466855')
K8A,('45.824434', '-77.128971')
G6L,('46.175058', '-71.874684')
T4N,('52.131105', '-113.94817')
N2A,('43.444988', '-80.422292')
J7V,('45.401539', '-74.042517')
V8P,('48.455319', '-123.328748')
L8J,('43.201986', '-79.71893')
J9V,('47.3356192', '-79.4395079')
V2B,('50.684659', '-120.352356')
N2L,('43.468237', '-80.559539')
J2J,('45.384718', '-72.73941')
L3T,('43.803824', '-79.405423')
N9V,('42.140841', '-83.11057')
N5P,('42.7848725', '-81.202061')
T9K,('56.759436', '-111.601895')
L4S,('43.895137', '-79.397578')
S0H,('50.871922', '-106.290175')
A1X,('47.510694', '-52.980129')
J4V,('45.488493', '-73.484806')
H4S,('45.503813', '-73.736179')
L4W,('43.617192', '-79.622865')
T3A,('51.09919', '-114.163473')
E5G,('44.7879609', '-66.7776056')
S7L,('52.1430228', '-106.7217409')
L1P,('43.90895', '-78.97587')
N2H,('43.4621856', '-80.4966674')
H4R,('45.5068053', '-73.6947599')
E7H,('46.805886', '-67.72369')
R5H,('49.666706', '-96.64795')
K9H,('44.316548', '-78.330776')
H7T,('45.564619', '-73.755095')
R8N,('55.746828', '-97.845028')
S6H,('50.3963024', '-105.5347513')
P3C,('46.477566', '-81.031466')
L6B,('43.902522', '-79.211266')
B1S,('46.112368', '-60.211764')
S4X,('50.4864465', '-104.665766')
H9C,('45.500977', '-73.868342')
L7L,('43.382956', '-79.747718')
S4S,('50.416322', '-104.62233')
K1K,('45.448859', '-75.6262')
L4B,('43.858365', '-79.403948')
J2C,('45.900672', '-72.511048')
E3B,('45.963095', '-66.66552')
V8Y,('48.504472', '-123.370006')
T4E,('51.293466', '-113.990106')
V1X,('49.9064028', '-119.3930479')
T1A,('50.021547', '-110.676052')
G1P,('46.803177', '-71.313801')
N5R,('42.759531', '-81.157628')
N8H,('42.053129', '-82.599687')
R2R,('49.926696', '-97.215148')
G5B,('50.023342', '-66.896018')
N5Y,('43.008132', '-81.235361')
V3K,('49.246842', '-122.837946')
L9R,('44.1614635', '-79.8513816')
M1V,('43.798445', '-79.273375')
J8N,('45.66601', '-75.80609')
L8V,('43.2216705', '-79.8491695')
N3C,('43.423725', '-80.303921')
J5J,('45.82222', '-73.942286')
T6E,('53.513861', '-113.443119')
T2W,('50.959556', '-114.098705')
P3B,('46.500187', '-80.926873')
V7L,('49.311469', '-123.05747')
J6W,('45.698249', '-73.648681')
G5Y,('46.1382599', '-70.6957451')
N1M,('43.69896', '-80.366408')
E4C,('45.807138', '-65.965773')
T2K,('51.102653', '-114.057329')
V1A,('49.693794', '-115.987229')
R2X,('49.923655', '-97.167074')
L3X,('44.034594', '-79.480505')
L9M,('44.7968279', '-79.9448889')
J1A,('45.137623', '-71.810086')
J3H,('45.5343258', '-73.189067')
J7P,('45.574989', '-73.875772')
S7N,('52.129622', '-106.599006')
G7A,('46.7188794', '-71.2986402')
V7C,('49.153917', '-123.191842')
J3L,('45.4409443', '-73.3420847')
E3L,('45.193294', '-67.269395')
B2T,('44.8180582', '-63.6119749')
B2N,('45.351293', '-63.28997')
J5N,('45.7392942', '-73.8256324')
S7K,('52.116875', '-106.660613')
N8R,('42.296696', '-82.916745')
E8N,('47.759233', '-65.171227')
N7V,('43.010938', '-82.377919')
G6Z,('46.721682', '-71.200985')
N3A,('43.4043219', '-80.6480112')
T4B,('51.323458', '-114.068308')
G1N,('46.8021616', '-71.2730525')
H9W,('45.427572', '-73.8714365')
V1B,('50.3188895', '-119.1929605')
S4N,('50.458095', '-104.547509')
J8R,('45.5277655', '-75.6294764')
G1X,('46.772269', '-71.337855')
N4N,('44.149449', '-81.03273')
E9G,('47.280498', '-65.04201')
E2M,('45.235493', '-66.128332')
T1H,('49.70938', '-112.812764')
G8T,('46.376633', '-72.525974')
J1T,('45.778581', '-71.932029')
G3H,('46.763365', '-71.685325')
N5Z,('42.9675666', '-81.2123206')
N9E,('42.2658096', '-83.030767')
G2B,('46.731399', '-71.461167')
B4B,('44.7567677', '-63.7952704')
L7P,('43.3682585', '-79.82957')
E4H,('45.639275', '-65.03542')
M2H,('43.810172', '-79.360257')
B3Z,('44.598575', '-63.926527')
M2N,('43.7722911', '-79.3993809')
G7G,('48.439939', '-71.061553')
K8P,('44.150043', '-77.400125')
N4K,('44.567445', '-80.937492')
R2G,('49.949237', '-97.08476')
K9K,('44.296197', '-78.364761')
A1B,('47.550575', '-52.746072')
V4N,('49.147356', '-122.773198')
H1B,('45.634951', '-73.501417')
N2J,('43.473678', '-80.524197')
P9N,('49.774723', '-94.44939')
P7E,('48.382507', '-89.255503')
L1Z,('43.894827', '-79.015392')
V0K,('51.689697', '-121.312657')
L4R,('44.751607', '-79.87134')
R1N,('49.9714735', '-98.3151087')
H1J,('45.608243', '-73.578629')
G5R,('47.836496', '-69.538995')
S3N,('51.224858', '-102.447081')
V2N,('53.906408', '-122.799659')
T8L,('53.701804', '-113.212857')
M8Y,('43.645746', '-79.509435')
K4P,('45.251073', '-75.569873')
J9E,('46.384643', '-75.960658')
G2J,('46.844082', '-71.281781')
N8T,('42.296284', '-82.948458')
V5X,('49.217415', '-123.101995')
M4R,('43.716591', '-79.405648')
G3C,('47.024588', '-71.358811')
A1W,('47.521181', '-52.941944')
S6K,('50.381822', '-105.580326')
N8Y,('42.322564', '-82.999698')
L9T,('43.516073', '-79.847747')
A0H,('47.522173', '-55.414707')
K6A,('45.606829', '-74.606387')
L8T,('43.209972', '-79.840555')
V9L,('48.754639', '-123.757094')
H4M,('45.500146', '-73.687776')
V9W,('50.0312035', '-125.2701045')
T5L,('53.593588', '-113.565717')
N1A,('42.904222', '-79.602505')
H7N,('45.559658', '-73.685448')
J7R,('45.5580951', '-73.9266376')
G3L,('46.889741', '-71.834916')
T3E,('51.003896', '-114.126995')
N2K,('43.500942', '-80.515374')
G9P,('46.537267', '-72.700827')
P5A,('46.392629', '-82.658879')
P9A,('48.606209', '-93.3926')
T6B,('53.519872', '-113.433995')
G1S,('46.794274', '-71.26596')
G9A,('46.34089', '-72.549928')
T6X,('53.4158884', '-113.4447708')
L1W,('43.818073', '-79.110016')
B2Y,('44.6684741', '-63.5662357')
G6B,('45.585906', '-70.91006')
T9X,('53.351231', '-110.840417')
N2V,('43.4917077', '-80.5368044')
N7L,('42.411329', '-82.20558')
H7M,('45.5951728820801', '-73.7142715454102')
L1N,('43.86269', '-78.932971')
T1B,('50.007386', '-110.657078')
N6H,('42.983104', '-81.262793')
K2J,('45.2678321', '-75.7617426')
V3M,('49.204071', '-122.920053')
L1M,('43.959264', '-78.961895')
L5E,('43.578837', '-79.559545')
T3L,('51.119893', '-114.250002')
L1H,('43.890008', '-78.836253')
J4B,('45.613876', '-73.44506')
G6T,('46.062439', '-71.997241')
E1W,('47.484011', '-64.91757')
L8P,('43.2583209', '-79.8827318')
V2V,('49.14963', '-122.255254')
E1N,('47.05045', '-65.43143')
J6X,('45.715687', '-73.669978')
L9V,('44.085225', '-80.209767')
J1J,('45.405218', '-71.931014')
G5C,('49.196264', '-68.25914')
G8L,('48.8847369', '-72.2090933')
H1V,('45.557824', '-73.533825')
T1K,('49.659346', '-112.810994')
G4Z,('49.209637', '-68.180115')
J3Z,('45.470914', '-73.401396')
J3A,('45.33297', '-73.284352')
L9A,('43.234638', '-79.865204')
N3S,('43.129301', '-80.249124')
R3G,('49.883982', '-97.17925')
G2L,('46.888593', '-71.254866')
J8V,('45.5354811', '-75.7513182')
V7K,('49.34541', '-123.037924')
E4M,('46.095186', '-64.040504')
H2H,('45.533837', '-73.576267')
J5X,('45.8675656', '-73.5264492')
C1N,('46.406341', '-63.779202')
V3C,('49.266013', '-122.785159')
E4X,('46.7649', '-65.109552')
A1E,('47.528833', '-52.764809')
L4T,('43.728189', '-79.631419')
L1J,('43.89363', '-78.872728')
J4K,('45.522402', '-73.497483')
V9Z,('48.376622', '-123.735975')
G8A,('48.414831', '-71.263166')
T9C,('53.497911', '-112.072942')
J8X,('45.42772', '-75.71962')
H4J,('45.527', '-73.709188')
V3X,('49.045768', '-122.862693')
B5A,('43.854425', '-66.112207')
H3B,('45.49968', '-73.569881')
J9T,('48.570722', '-78.121626')
N2M,('43.4354963', '-80.512853')
M5T,('43.652036', '-79.397955')
K2P,('45.416672', '-75.697451')
H1X,('45.557051', '-73.584531')
L6Y,('43.649599', '-79.730469')
S6J,('50.419807', '-105.538941')
N9C,('42.283571', '-83.066276')
G5H,('48.586491', '-68.194948')
J8Y,('45.440087', '-75.745813')
P7C,('48.388461', '-89.299135')
M5W,('43.646806', '-79.376055')
T9S,('54.72112', '-113.259546')
N4G,('42.8526741', '-80.7484502')
T9H,('56.71022', '-111.348198')
M1E,('43.785587', '-79.206136')
R2J,('49.855498', '-97.08588')
G4W,('48.8411598', '-67.523205')
V4K,('49.080835', '-123.083458')
L1E,('43.8997639', '-78.7992984')
E8B,('47.8332023620605', '-67.0526733398438')
G1H,('46.8632058', '-71.2638248')
B3L,('44.654931', '-63.607452')
M1S,('43.785675', '-79.280924')
N6L,('42.9273677', '-81.2519924')
E4Y,('46.742028', '-65.439342')
A2A,('48.9345023', '-55.6574011')
M3H,('43.76577', '-79.453477')
A1M,('47.6218346', '-52.8364776')
L6M,('43.449534', '-79.71071')
J9B,('45.5401738', '-75.867482')
L9W,('43.900205', '-80.12433')
V5W,('49.240163', '-123.09032')
L8M,('43.248396', '-79.829565')
B2H,('45.60253', '-62.634459')
V6S,('49.254574', '-123.193153')
G3N,('46.860154', '-71.610192')
T2E,('51.0778395', '-114.061208')
R4K,('49.8426170349121', '-97.6725082397461')
E7M,('46.142299', '-67.593189')
G2G,('46.912322', '-71.383661')
H8S,('45.431871', '-73.66929')
V7R,('49.356768', '-123.090575')
B1V,('46.2359194', '-60.2263373')
V6N,('49.239423', '-123.190694')
T9V,('53.2615775', '-110.0179505')
G8Y,('46.359444', '-72.598544')
J7K,('45.747956', '-73.605072')
L1T,('43.857494', '-79.060328')
M1P,('43.762962', '-79.260617')
E1H,('46.14243', '-64.789268')
J2Y,('45.332627', '-73.3357348')
N6C,('42.960962', '-81.253005')
E4J,('45.987219', '-65.085473')
J7W,('45.37258', '-73.970275')
A0B,('47.3278176', '-53.4505056')
V4P,('49.053891', '-122.856412')
J2H,('45.435418', '-72.743692')
V3G,('49.059442', '-122.28663')
M6S,('43.6633205', '-79.496112')
V6E,('49.285706', '-123.128546')
G9B,('46.3196126', '-72.6211379')
B3J,('44.646006', '-63.570789')
N5A,('43.36053', '-80.983939')
V3T,('49.194592', '-122.855102')
V5M,('49.2534539', '-123.0414324')
K2K,('45.31523', '-75.918778')
E7L,('46.551223', '-67.214875')
K7P,('44.264989', '-76.550446')
H1N,('45.570049', '-73.535485')
S7H,('52.1118905', '-106.666504')
G8Z,('46.334185', '-72.591399')
E5B,('45.138983', '-67.074695')
T2C,('50.96997', '-113.911908')
T5N,('53.531664', '-113.572722')
T2Z,('50.905021', '-113.960048')
H2J,('45.523657', '-73.576234')
G2M,('46.9242289', '-71.312365')
T2P,('51.0508055', '-114.0709065')
V9E,('48.5215381', '-123.4397047')
M6B,('43.706601', '-79.465311')
J4Z,('45.46814', '-73.465026')
K4C,('45.484559', '-75.375058')
E9B,('46.733673', '-65.84099')
J1L,('45.395792', '-71.95334')
L6L,('43.411644', '-79.714247')
G6J,('46.664852', '-71.329724')
H3J,('45.48471', '-73.574957')
S0G,('51.3111891', '-104.9926783')
K6K,('45.099494', '-74.695283')
V1V,('49.893151', '-119.436904')
V5H,('49.226709', '-123.0085419')
J7E,('45.6586929', '-73.8389505')
P3E,('46.461759', '-81.018097')
R2M,('49.846931', '-97.112505')
E8T,('47.833', '-64.696')
V4C,('49.167916', '-122.893595')
G0G,('50.116865', '-62.413553')
T3M,('50.8780691', '-113.9757011')
L6H,('43.458812', '-79.71149')
V1K,('50.118629', '-120.768016')
L2T,('43.131716', '-79.223961')
M1J,('43.747466', '-79.229002')
N8X,('42.299102', '-83.031884')
L5H,('43.552554', '-79.616177')
L8S,('43.261506', '-79.905964')
R0M,('49.984442', '-100.680883')
V2R,('49.086652', '-122.05237')
K7C,('45.143286', '-76.146959')
P3Y,('46.4235176', '-81.118282')
H7X,('45.518584', '-73.80804')
H3C,('45.491327', '-73.561963')
H4Z,('45.513337', '-73.533843')
L1X,('43.931371', '-79.023588')
J8M,('45.536337', '-75.36004')
E3Y,('47.050222', '-67.758166')
H7J,('45.647067', '-73.725188')
L6T,('43.711509', '-79.696994')
T8H,('53.55003', '-113.27723')
E8G,('47.8727735', '-66.1291447')
R2C,('49.900649', '-96.963224')
V8M,('48.552335', '-123.37479')
E1J,('45.965897', '-64.8560239')
B2A,('46.208781', '-60.252699')
V5S,('49.229135', '-123.029213')
L5B,('43.583502', '-79.630799')
H3H,('45.497186', '-73.583647')
H2B,('45.580201', '-73.649682')
G1L,('46.826754', '-71.234462')
V4M,('49.0044079', '-123.0768616')
L9Z,('44.46976', '-80.10158')
J2T,('45.613248', '-72.950275')
E6H,('45.980199', '-67.427554')
J8E,('46.112633', '-74.583657')
B2G,('45.612611', '-62.014378')
S9V,('53.275196', '-110.003562')
E1E,('46.087124', '-64.823278')
L4G,('43.983452', '-79.474323')
M4T,('43.688429', '-79.393058')
K6J,('45.025876', '-74.733022')
R2Y,('49.900073', '-97.293054')
B0P,('44.9976269', '-64.6965746')
T9G,('53.3436219', '-113.7119585')
H9G,('45.471587', '-73.843257')
V9K,('49.353474', '-124.424826')
L6P,('43.768586', '-79.682095')
N4S,('43.137235', '-80.762239')
K8V,('44.107359', '-77.566106')
V1E,('50.699881', '-119.255851')
V3H,('49.302287', '-122.870625')
T2X,('50.908196', '-114.059419')
T1W,('51.0988', '-115.373845')
N6J,('42.977603', '-81.266609')
H2M,('45.554489', '-73.641728')
H1P,('45.585257', '-73.590628')
E8J,('47.719774', '-65.708838')
N9Y,('42.029507', '-82.74641')
M9B,('43.637346', '-79.545326')
L8K,('43.2224', '-79.80989')
V8K,('48.786676', '-123.436094')
M1M,('43.735193', '-79.22229')
B4G,('44.877238', '-63.69921')
M8Z,('43.629078', '-79.514819')
T4C,('51.196535', '-114.426132')
M4L,('43.676734', '-79.320804')
T2Y,('50.9017518', '-114.0750448')
T6W,('53.413518', '-113.574687')
M6C,('43.69195', '-79.430395')
K7R,('44.2615229', '-76.9461175')
M5B,('43.659374', '-79.37655')
H1H,('45.588506', '-73.631755')
T8W,('55.1348', '-118.784502')
J1S,('45.572621', '-72.006659')
E5T,('45.684807', '-66.014488')
B1P,('46.1329679', '-60.1722164')
L9S,('44.295892', '-79.549218')
H3W,('45.493992', '-73.636629')
K2E,('45.360505', '-75.73513')
R3P,('49.848173', '-97.223711')
M9W,('43.723126', '-79.600233')
J7M,('45.763372', '-73.729801')
P1C,('46.3311085', '-79.3984971')
B2S,('44.990593', '-63.4414452')
V6L,('49.249115', '-123.165541')
S7P,('52.198277', '-106.646218')
T2B,('51.033526', '-113.983049')
H4K,('45.5242941', '-73.7202324')
V9J,('49.7704232', '-125.0633717')
L7G,('43.6473755', '-79.8775337')
A1N,('47.525055', '-52.815877')
M1T,('43.784123', '-79.3049725')
S9A,('52.778896', '-108.3064065')
M4B,('43.706538', '-79.295425')
R3H,('49.8978766', '-97.2029816')
V5L,('49.280169', '-123.064203')
V9V,('49.239639', '-124.042769')
T7Z,('53.515108', '-113.991353')
H3S,('45.499454', '-73.642564')
E5S,('45.390825', '-66.129073')
M6L,('43.712526', '-79.49015')
B3K,('44.6536557', '-63.5817113')
N4T,('43.147886', '-80.738436')
V6A,('49.2821474', '-123.0997307')
T6N,('53.4463847', '-113.4897908')
V6Y,('49.153768', '-123.139819')
N8P,('42.336971', '-82.923198')
L7A,('43.716098', '-79.821535')
K1S,('45.173001', '-75.846191')
G7B,('48.322462', '-70.877047')
V2X,('49.2171686', '-122.6032374')
V2W,('49.205828', '-122.556664')
B4V,('44.37149', '-64.520627')
M6J,('43.645556', '-79.427066')
H4B,('45.463742', '-73.633484')
V5T,('49.256659', '-123.104064')
M9V,('43.7562332', '-79.5900551')
G1E,('46.853823', '-71.203963')
H1R,('45.5883239', '-73.6116576')
H2R,('45.545483', '-73.624227')
T5G,('53.558736', '-113.515942')
M1G,('43.7787', '-79.226542')
N7S,('42.97279', '-82.361458')
M7A,('43.661026', '-79.388794')
V1R,('49.107268', '-117.693638')
P7K,('48.368346', '-89.354048')
J8G,('45.680481', '-74.4170664')
L2A,('42.920333', '-78.926574')
J6Z,('45.658494', '-73.765694')
J5A,('45.361197', '-73.556742')
L2E,('43.100178', '-79.069981')
L5N,('43.603477', '-79.775441')
J4R,('45.492925', '-73.505458')
J8A,('45.902796', '-73.9791265')
J6T,('45.253222', '-74.139989')
G5X,('46.212811', '-70.783053')
V4B,('49.0259701', '-122.8068791')
R2H,('49.895291', '-97.117698')
R3K,('49.878289', '-97.299428')
L4Z,('43.6250612', '-79.6721487')
T6P,('53.499316', '-113.3648224')
L2V,('43.123545', '-79.222436')
J2K,('45.210355', '-72.747874')
V9H,('49.964415', '-125.229578')
J7J,('45.696589', '-73.924791')
J6V,('45.723594', '-73.521904')
G5Z,('46.1111371', '-70.6384566')
E4Z,('45.826385', '-64.936279')
T9J,('56.7072019', '-111.3574276')
B1L,('46.050801', '-60.248604')
V9P,('49.325596', '-124.279388')
J7T,('45.433535', '-74.155338')
L3L,('43.8072816', '-79.5789437')
N5X,('43.034748', '-81.250365')
V8E,('48.5024', '-123.463949')
J7L,('45.734394', '-73.66616')
B4P,('45.0913198', '-64.3586573')
K4A,('45.476101', '-75.492846')
R3B,('49.900339', '-97.132621')
B1X,('46.143215', '-60.198157')
T2J,('50.932968', '-114.059069')
J1H,('45.385412', '-71.910069')
L3Y,('44.059335', '-79.471783')
V6V,('49.187373', '-123.090472')
L5G,('43.559271', '-79.605444')
H2X,('45.511855', '-73.5765')
M4V,('43.694786', '-79.397207')
L2J,('43.11534', '-79.096924')
J2X,('45.301954', '-73.239518')
J4X,('45.454509', '-73.487823')
K1V,('45.344867', '-75.685075')
J9L,('46.5542975', '-75.5317815')
E4K,('45.985473', '-64.577447')
V4V,('50.071982', '-119.395702')
L3K,('42.905492', '-79.256915')
G5L,('48.4411783', '-68.5233491')
S7M,('52.120805', '-106.725845')
H2L,('45.522043', '-73.571733')
N2P,('43.3714074', '-80.4419977')
B3B,('44.6963486', '-63.5803473')
V9S,('49.198764', '-123.974626')
N4B,('42.852735', '-80.486144')
L4H,('43.8443502', '-79.5516988')
K0L,('44.186172', '-78.273769')
V9A,('48.4425894', '-123.4192676')
H7R,('45.5517471', '-73.8645431')
J5M,('45.815168', '-73.751753')
V5Z,('49.250506', '-123.116099')
L9G,('43.214283', '-79.990109')
M9C,('43.647169', '-79.60448')
K0H,('44.672522', '-76.672489')
L4J,('43.81186', '-79.435043')
T1P,('51.0087203', '-113.4503112')
G9H,('46.3457306', '-72.4278494')
L8E,('43.229972', '-79.729382')
J1M,('45.369224', '-71.865166')
G1W,('46.771992', '-71.273363')
T3B,('51.085406', '-114.200942')
H4G,('45.465453', '-73.578821')
T8S,('56.229968', '-117.288615')
L7T,('43.314462', '-79.842613')
N3V,('43.178767', '-80.327879')
S4T,('50.455057', '-104.537902')
N8N,('42.3161', '-82.857734')
N4Z,('43.362697', '-81.002894')
L5C,('43.554511', '-79.653381')
M5V,('43.645741', '-79.394366')
J3R,('46.023618', '-73.150986')
M8V,('43.596976', '-79.522596')
R3W,('49.906981', '-97.026866')
H9P,('45.453621', '-73.737056')
V4L,('49.014383', '-123.066786')
J3V,('45.519113', '-73.327495')
H2P,('45.546159', '-73.63781')
T2V,('50.972115', '-114.105469')
L5R,('43.597881', '-79.665493')
N9H,('42.23685', '-83.006431')
M5G,('43.654859', '-79.3882318')
R3R,('49.863096', '-97.257492')
E5C,('45.2582011', '-66.8223685')
R7B,('49.836672', '-99.98441')
E5R,('45.352237', '-65.544962')
G3B,('46.9361784', '-71.3136604')
V1C,('49.497555', '-115.7594464')
L9N,('44.0947561', '-79.4713494')
L5L,('43.534636', '-79.67544')
V7P,('49.324284', '-123.094568')
T7P,('54.1521204', '-113.8297607')
V8J,('54.310791', '-130.3218247')
T4A,('51.291093', '-113.980637')
E3G,('45.995284', '-66.7439459')
V0T,('52.12394', '-128.017173')
T6M,('53.4937148', '-113.6061511')
V5G,('49.237239', '-122.956398')
H4W,('45.464392', '-73.671227')
B3T,('44.6335164', '-63.6816287')
S0C,('49.248366', '-103.630843')
R7N,('51.144233', '-100.058899')
E8S,('47.71043', '-64.693995')
R4H,('49.887629', '-97.396865')
J1G,('45.4060879', '-71.8375666')
E4T,('46.551693', '-65.181369')
P5E,('46.23512', '-81.77427')
G7X,('48.403286', '-71.254109')
B3A,('44.678998', '-63.580658')
K1C,('45.486001', '-75.495154')
V5R,('49.232818', '-123.050311')
V3R,('49.163812', '-122.806617')
V1Y,('49.881482', '-119.472485')
A1S,('47.4464681', '-52.7714585')
E5K,('45.316341', '-66.196415')
N3W,('43.060142', '-79.945701')
L3S,('43.84257', '-79.267181')
V7G,('49.3193323', '-122.9668351')
T5P,('53.540651', '-113.590322')
E3N,('47.999598', '-66.688553')
E5J,('45.124027', '-66.38831')
L8H,('43.245866', '-79.789034')
V2E,('50.655964', '-120.344595')
M1N,('43.701713', '-79.252879')
N1C,('43.50534', '-80.236999')
G0A,('46.622638', '-71.994857')
P6B,('46.539459', '-84.312786')
T2G,('51.042324', '-114.060999')
J8C,('46.054138', '-74.287854')
M1R,('43.753613', '-79.310376')
V7J,('49.3295929', '-123.0335573')
T8E,('53.5414012', '-113.2038469')
V7T,('49.330953', '-123.130719')
K7K,('44.238461', '-76.490509')
M6E,('43.686383', '-79.442839')
R3E,('49.914374', '-97.189023')
H2C,('45.560705', '-73.670747')
J4S,('45.4794579', '-73.4893919')
M1H,('43.758808', '-79.242214')
E3E,('45.9366724', '-66.7591327')
T4T,('52.37507', '-114.93136')
B1J,('46.0134325', '-60.4075013')
J2L,('45.335926', '-72.651423')
T6V,('53.6062194', '-113.5412407')
V9N,('49.678957', '-125.010484')
N4W,('43.73664', '-80.956014')
S4A,('49.15031', '-102.993574')
J8L,('45.715965', '-75.361032')
J4M,('45.528794', '-73.444942')
P8N,('49.788795', '-92.84136')
M4N,('43.735774', '-79.403735')
T6R,('53.462718', '-113.556757')
K1N,('45.426164', '-75.681026')
L6W,('43.673749', '-79.737349')
K2L,('45.295797', '-75.892464')
V7A,('49.134544', '-123.11915')
M6A,('43.71432', '-79.452492')
A1G,('47.504593', '-52.756454')
T3P,('51.174985', '-114.118947')
M5S,('43.663659', '-79.390403')
A0C,('48.658252', '-53.079267')
S4W,('50.436949', '-104.649662')
M3A,('43.756554', '-79.34123')
T3H,('51.061054', '-114.188483')
J7H,('45.705543', '-73.915386')
E6G,('45.9961804', '-67.2440401')
N2N,('43.419613', '-80.555121')
J4W,('45.475759', '-73.488987')
L7M,('43.37836', '-79.800786')
N0H,('44.595341', '-81.182436')
B3E,('44.7485228', '-63.3232677')
N6E,('42.943749', '-81.2229603')
S0M,('53.885858', '-109.078795')
J3P,('46.040393', '-73.103494')
E5M,('45.475059', '-66.175404')
N6G,('42.994023', '-81.2853283')
E7N,('46.0303254', '-67.719943')
T2S,('51.01402', '-114.082644')
T8X,('55.178898', '-118.765801')
G1B,('46.901544', '-71.208308')
M5A,('43.644588', '-79.368137')
G3A,('46.7383741', '-71.4633453')
M4P,('43.712843', '-79.378903')
P1P,('44.91198', '-79.366191')
J9X,('48.245876', '-79.042987')
L7S,('43.319819', '-79.802789')
H7E,('45.622443', '-73.686916')
H2Z,('45.509036', '-73.559331')
H9S,('45.432871', '-73.82975')
N3Y,('42.836214', '-80.3060048')
H1A,('45.667304', '-73.511344')
H3X,('45.479452', '-73.624829')
K0C,('45.2886749', '-74.8545436')
J5L,('45.844907', '-74.076519')
V5K,('49.285465', '-123.046929')
N8A,('42.5934865', '-82.39072')
N1K,('43.519204', '-80.278619')
S6X,('53.1900492', '-105.7000835')
E2P,('45.244005', '-65.99735')
L8R,('43.257722', '-79.858788')
G1M,('46.8223391', '-71.2738201')
H3Y,('45.488717', '-73.602293')
B4H,('45.823863', '-64.193046')
N9G,('42.259491', '-82.983593')
B4C,('44.7618906', '-63.6650992')
L6V,('43.6906355', '-79.7545245')
J0V,('45.737162', '-74.781412')
E6C,('46.2422355', '-66.6080119')
M6R,('43.653954', '-79.451783')
T1X,('51.042007', '-113.837951')
V1H,('50.188067', '-119.391204')
L1A,('43.9628421', '-78.3106473')
V9M,('49.680586', '-124.93913')
G0K,('48.3662605285645', '-68.297004699707')
N6K,('42.946809', '-81.335321')
T4G,('52.0273472', '-113.9383505')
T2H,('50.974247', '-114.061434')
P0P,('45.56646', '-82.011333')
M9A,('43.6678984', '-79.5184466')
G0R,('46.493465', '-70.213644')
N1H,('43.554214', '-80.259254')
G8M,('48.8419652', '-72.533494')
L6A,('43.878297', '-79.509734')
J3E,('45.604984', '-73.3445351')
M4J,('43.677993', '-79.339318')
T4V,('53.006934', '-112.834227')
M6P,('43.6603165', '-79.45024')
H7C,('45.609404', '-73.650565')
L4P,('44.2396868', '-79.4703996')
E7G,('46.905794', '-67.3964233')
H4V,('45.469192', '-73.650064')
E8R,('47.744294', '-64.722179')
T0E,('53.434671', '-114.45607')
K2H,('45.3459589', '-75.7932733')
M4K,('43.677922', '-79.350773')
N3B,('43.643289', '-80.563297')
T1G,('49.7853859', '-112.1406745')
V5N,('49.260245', '-123.060581')
L8B,('43.320465', '-79.911239')
T4H,('51.789869', '-114.121559')
P6A,('46.5078762', '-84.3238046')
T1S,('50.707453', '-113.879832')
M5P,('43.695738', '-79.420169')
G0M,('45.873254', '-70.984758')
H2G,('45.542784', '-73.588083')
G9C,('46.39098', '-72.666515')
T2M,('51.064009', '-114.07712')
M6K,('43.63744', '-79.430553')
S4P,('50.443864', '-104.599067')
E9H,('47.416825', '-64.961184')
R3N,('49.865848', '-97.197548')
T5A,('53.595693', '-113.376724')
V3W,('49.1378075', '-122.8789895')
H5B,('45.506691', '-73.562313')
L1L,('43.95535', '-78.893605')
H2E,('45.551375', '-73.612796')
G8W,('46.397482', '-72.602928')
R3L,('49.857426', '-97.136619')
V7S,('49.3566175', '-123.2441957')
R3M,('49.860997', '-97.158305')
T5Y,('53.6095629', '-113.3756828')
T6G,('53.523029', '-113.53833')
V2H,('50.686117', '-120.322389')
T3J,('51.099912', '-113.944462')
M6N,('43.669838', '-79.486179')
B1B,('46.073907', '-59.899856')
V2J,('52.9548003', '-122.4432757')
T5X,('53.6136389', '-113.5307287')
J5W,('45.841137', '-73.425671')
V8C,('54.057575', '-128.690268')
V3Z,('49.230135', '-122.620735')
G8J,('48.556117', '-72.349074')
B1E,('46.1793227', '-60.0194331')
N6P,('42.92576', '-81.339868')
J6N,('45.305156', '-73.873793')
M3C,('43.731309', '-79.340324')
P2N,('48.146642', '-80.0318633')
G7N,('48.321528', '-71.120007')
A2N,('48.5502707', '-58.5766105')
E8K,('47.6875834', '-65.6954933')
T1C,('50.060606', '-110.674577')
P3P,('46.657994', '-80.99828')
N9B,('42.291229', '-83.055834')
P3N,('46.594543', '-81.010553')
M5R,('43.675571', '-79.38906')
V3E,('49.299352', '-122.790697')
V4G,('49.141477', '-123.012041')
K1E,('45.479012', '-75.501786')
L5V,('43.6098262', '-79.7059292')
T5V,('53.573551', '-113.590518')
E1B,('46.057842', '-64.788215')
H1Y,('45.550408', '-73.590297')
H1Z,('45.57156', '-73.631695')
H9B,('45.493315', '-73.789443')
G1R,('46.812123', '-71.22126')
R6W,('49.17775', '-97.925158')
G6H,('46.04816', '-71.369797')
H7K,('45.611274', '-73.745377')
T8T,('53.806738', '-113.448407')
L6R,('43.7557544', '-79.7680243')
T3K,('51.129834', '-114.0673105')
J3X,('45.700876', '-73.4240575')
N2T,('43.464029', '-80.568907')
S7C,('51.788388', '-106.441723')
M4M,('43.658406', '-79.352097')
E4B,('46.070365', '-66.058595')
M3L,('43.71885', '-79.518592')
E2J,('45.288206', '-66.040695')
H2N,('45.539813', '-73.653835')
J4G,('45.560936', '-73.466107')
G3Z,('47.451598', '-70.525159')
P6C,('46.5336351', '-84.3597902')
N9J,('42.235886', '-83.104613')
T1V,('50.584872', '-113.899064')
L1G,('43.93217', '-78.8678535')
K2S,('45.252258', '-75.9198363')
M6M,('43.689597', '-79.46566')
V3L,('49.226958', '-122.908654')
V8X,('48.460035', '-123.3641115')
M9P,('43.686787', '-79.513301')
N2R,('43.383798', '-80.496096')
V9X,('49.100763', '-123.932282')
V4E,('49.133395', '-122.915943')
L9P,('44.096568', '-79.151909')
J0M,('60.023415', '-70.026235')
E5E,('44.9497', '-66.917646')
N4V,('43.113943', '-80.7357033')
T5K,('53.535755', '-113.499239')
V7W,('49.37282', '-123.279417')
T0A,('54.522956', '-110.348455')
T9M,('54.462363', '-110.170497')
G4A,('47.720925', '-70.247975')
A1V,('48.963376', '-54.616648')
V0H,('49.344331', '-119.305241')
V6G,('49.287019', '-123.141797')
E5P,('45.719041', '-65.750706')
N5V,('43.015428', '-81.190632')
H3P,('45.522689', '-73.626824')
G6E,('46.4446533', '-71.0240877')
J3M,('45.429677', '-73.156568')
N6B,('42.9903197', '-81.2423036')
H1C,('45.668011', '-73.549545')
J6R,('45.315109', '-73.735598')
G3J,('46.864552', '-71.429803')
G5A,('47.7404828', '-69.9883952')
P2B,('46.367007', '-79.918268')
E6B,('46.124917', '-66.522608')
N3P,('43.177404', '-80.223049')
E2N,('45.338816', '-65.924388')
T4X,('53.2215238', '-113.4499189')
B3M,('44.670386', '-63.651408')
L3M,('43.193589', '-79.55458')
K1X,('45.270603', '-75.639414')
M9N,('43.704279', '-79.527558')
G6A,('46.1467757', '-70.6784134')
T0B,('53.121963', '-111.718008')
K8B,('45.807022', '-77.101211')
R5K,('49.7090753', '-96.9125576')
L6K,('43.440729', '-79.673974')
M5E,('43.643601', '-79.375729')
H3T,('45.507739', '-73.619315')
M4G,('43.711855', '-79.373967')
V8B,('49.716225', '-123.149372')
S4V,('50.434478', '-104.527997')
L4X,('43.626179', '-79.584526')
E6J,('45.590387', '-67.330128')
E4L,('45.893042', '-64.375522')
M6G,('43.6758', '-79.4258922')
G8H,('48.524623', '-72.233054')
J4H,('45.533851', '-73.509757')
B2R,('44.778251', '-63.598665')
J9A,('45.42311', '-75.769652')
L7J,('43.58033', '-80.011446')
B1Y,('46.306958', '-60.354179')
J1Z,('45.881015', '-72.406454')
J2N,('45.278345', '-72.983365')
B3H,('44.639743', '-63.584646')
V9G,('49.035541', '-123.823545')
L7R,('43.338036', '-79.797256')
G2A,('46.855717', '-71.361338')
H7V,('45.5363382', '-73.7344956')
T5B,('53.567465', '-113.468802')
J1R,('45.398719', '-72.006949')
P7J,('48.326168', '-89.354051')
H3V,('45.494237', '-73.611914')
G3E,('46.883532', '-71.344868')
M4E,('43.680793', '-79.286153')
H4Y,('45.45161', '-73.759976')
V0B,('49.067304', '-116.503403')
R3S,('49.8410765', '-97.269059')
J8H,('45.651016', '-74.342757')
E5V,('44.9941940307617', '-66.9885177612305')
E5A,('45.073315', '-67.042776')
P3A,('46.521231', '-80.9701305')
G8P,('49.920028', '-74.368102')
P0K,('48.13458', '-80.076864')
J1K,('45.384527', '-71.945191')
H7A,('45.652323', '-73.606956')
H7H,('45.630422', '-73.752446')
M5X,('43.649347', '-79.382302')
M2L,('43.751443', '-79.381579')
H3A,('45.499334', '-73.57359')
K2C,('45.298706', '-75.703606')
M4W,('43.692486', '-79.363648')
A0N,('47.6123580932617', '-57.6138610839844')
H2V,('45.522534', '-73.61685')
T8R,('53.809672', '-113.648232')
J7Y,('45.7892483', '-74.0114196')
M5J,('43.639002', '-79.385264')
E8C,('48.063036', '-66.364842')
H7B,('45.68062', '-73.625609')
M1X,('43.814065', '-79.237029')
P7G,('48.601814', '-89.279923')
R3X,('49.8307439', '-97.0555122')
G6R,('46.029555', '-71.9374402')
J5C,('45.3901443481445', '-73.5529556274414')
B3R,('44.5848567', '-63.5868988')
A0G,('49.0667089', '-54.213784')
T0L,('50.624475', '-114.043333')
J8Z,('45.4754455', '-75.767976')
R2P,('49.953465', '-97.187213')
L8W,('43.194381', '-79.851657')
P1L,('45.036244', '-79.306995')
K8H,('44.495627', '-77.27327')
G0S,('46.4762754', '-71.4429373')
G3K,('46.846855', '-71.408779')
L6S,('43.737513', '-79.748151')
E4A,('46.110638', '-65.744973')
K1J,('45.427724', '-75.632538')
E6K,('45.7334929', '-66.9917839')
J6Y,('45.68011', '-73.747364')
G8N,('48.434487', '-71.740225')
H1W,('45.547238', '-73.555369')
T2L,('51.086465', '-114.102468')
N5C,('43.039844', '-80.870302')
E9A,('47.0666897', '-64.976176')
B0S,('44.7852382', '-65.1429931')
T9N,('54.262616', '-110.722843')
R7C,('49.882198', '-99.938891')
E8M,('47.825276', '-65.011398')
L9K,('43.225891', '-79.9444526')
V5A,('49.2689074', '-122.9592152')
L1K,('43.929662', '-78.842505')
R2E,('49.961137', '-97.066539')
H9J,('45.469114', '-73.885773')
J8B,('45.956595', '-74.137956')
E7K,('46.466531', '-67.708955')
B0C,('46.7082925', '-60.5443362')
R6M,('49.190184', '-98.0957357')
B1T,('45.9216651916504', '-60.7176170349121')
V0A,('50.703325', '-116.140531')
H8Y,('45.510775', '-73.810048')
V1P,('49.87916', '-119.20909')
V5E,('49.218727', '-122.974707')
J0R,('45.878499', '-74.1006427')
V2Z,('49.030628', '-122.564365')
L5J,('43.5245895', '-79.6419438')
M9M,('43.7206535', '-79.5328665')
A0K,('50.749337', '-57.193231')
V8T,('48.446312', '-123.360862')
N5L,('42.675508', '-81.211967')
K9L,('44.321673', '-78.298954')
N1L,('43.493285', '-80.198484')
H4N,('45.535917', '-73.678345')
M4Y,('43.6672133', '-79.3822783')
V2L,('53.912985', '-122.750722')
E4N,('46.216487', '-64.512795')
E7J,('46.29846', '-67.743039')
J5V,('46.26152', '-72.936344')
G3M,('46.6898727', '-71.7189552')
G6Y,('46.8153973', '-71.1353241')
K2T,('45.324096', '-75.942031')
T9W,('52.835616', '-110.864788')
G2N,('46.900817', '-71.308136')
V6T,('49.26811', '-123.24135')
R0C,('50.292202', '-96.933264')
C1C,('46.2746269', '-63.1038996')
P4R,('48.478355', '-81.371292')
T5J,('53.545667', '-113.492263')
E7C,('47.351269', '-68.18173')
L4V,('43.697352', '-79.633843')
T7V,('53.353789', '-117.646596')
X0A,('76.4185847', '-82.89813017')
T1M,('49.711094', '-112.655869')
V6W,('49.165128', '-123.080463')
X0B,('67.8232307', '-115.1010478')
G6S,('46.057135', '-71.921429')
R5M,('50.018192', '-96.773396')
V1S,('50.6473321', '-120.3594155')
G8K,('48.666465', '-72.458838')
L0S,('43.037622', '-79.310913')
H9X,('45.442148', '-73.95333')
S0N,('49.2953781', '-109.5201135')
B0V,('44.5546607971191', '-66.0027923583984')
L9X,('44.4801312', '-79.7497511')
J0H,('45.553033', '-72.656991')
G8V,('46.390523', '-72.541273')
H3Z,('45.483229', '-73.590649')
M3N,('43.769383', '-79.520332')
L5K,('43.532639', '-79.670878')
G1Y,('46.747186', '-71.355934')
H3L,('45.547771', '-73.678424')
L9L,('44.095942', '-78.955622')
N3L,('43.203554', '-80.396393')
R3V,('49.77172', '-97.1647779')
S4L,('50.437322', '-104.354545')
K7H,('44.8996136', '-76.253955')
R0L,('51.6530227661133', '-99.9242401123047')
J7N,('45.630369', '-74.001586')
G5N,('48.3638595', '-68.4614318')
G6C,('46.7548125', '-71.123734')
T2R,('51.0405232', '-114.0636719')
J7G,('45.5955121', '-73.8389869')
E8A,('47.5123021', '-67.3873161')
S6W,('53.177786', '-105.739142')
V6J,('49.269664', '-123.138378')
H2Y,('45.500715', '-73.555041')
B2Z,('44.6825127', '-63.406184')
V4R,('49.227674', '-122.547553')
N5H,('42.775054', '-80.975655')
K1P,('45.317175', '-75.895731')
B3G,('44.596228', '-63.457949')
V4S,('49.22342', '-122.37026')
G9R,('46.5769581', '-72.7749673')
R4G,('49.773750', '-97.322402')
T7S,('54.1495007', '-115.6607239')
K7G,('44.326291', '-76.155047')
T7A,('53.2118105', '-114.967371')
M4A,('43.734149', '-79.318769')
V0E,('50.548754', '-119.140069')
M3B,('43.745598', '-79.365226')
V7V,('49.333506', '-123.157242')
M5C,('43.643224', '-79.412909')
T6T,('53.47097', '-113.383845')
H4P,('45.565831', '-73.592031')
B3S,('44.64508', '-63.666921')
K1A,('45.382448', '-75.624767')
V6K,('49.264184', '-123.173691')
B1K,('45.9093009', '-60.3064241')
K0E,('44.843305', '-75.546362')
K1L,('45.4512259', '-75.6641489')
J0A,('45.83861', '-71.929779')
K2V,('45.2991332', '-75.9150684')
G2C,('46.829371', '-71.328714')
S0K,('52.3183662', '-106.5750746')
K0A,('45.3490658', '-76.0413221')
K1W,('45.4369736', '-75.5306065')
M3M,('43.730558', '-79.506442')
L5T,('43.666081', '-79.665151')
V7H,('49.314496', '-122.97757')
T0K,('50.093925', '-112.473419')
B3P,('44.630341', '-63.60281')
E5L,('45.49951171875', '-66.5933303833008')
H8T,('45.4588145', '-73.7238124')
K4B,('45.4243037', '-75.4093472')
V0J,('54.76748', '-127.16537')
G7Z,('48.417329', '-71.262742')
H4X,('45.4568782', '-73.6646768')
V3Y,('49.21623', '-122.684979')
T4S,('52.304656', '-114.091817')
L8N,('43.250543', '-79.86249')
M3K,('43.736696', '-79.460839')
J4P,('45.507849', '-73.493007')
R5T,('49.8849521', '-96.4343299')
A2V,('52.9369158', '-66.9238331')
G1A,('46.817042', '-71.211242')
S0A,('51.13043', '-102.169976')
J1C,('45.474625', '-71.941848')
P0V,('53.4812889', '-88.625842')
B1G,('46.209508', '-60.029027')
T0M,('52.210842', '-114.628945')
M5K,('43.646892', '-79.382329')
H5A,('45.51291', '-73.556293')
M2P,('43.760048', '-79.394808')
J7B,('45.657103', '-73.80647')
K4R,('45.255589', '-75.346148')
E2G,('45.417758', '-65.930697')
K4M,('45.2420029', '-75.6957494')
G1T,('46.776576', '-71.26852')
M5H,('43.648993', '-79.378364')
Y0B,('62.2285419', '-133.3531599')
E7A,('47.304886', '-68.666706')
V7Z,('49.443374', '-123.72107')
C0A,('46.3035314', '-62.7624882')
N8M,('42.163859', '-82.829903')
S4M,('50.407259', '-104.612873')
N0L,('43.011888', '-81.087252')
E8L,('47.588737', '-65.097854')
L5W,('43.632616', '-79.709539')
H1S,('45.5872745', '-73.5787604')
R2L,('49.917913', '-97.116351')
T0J,('50.864929', '-113.053948')
L1B,('43.9152304', '-78.5835966')
T8G,('53.4352651', '-112.8779675')
V6C,('49.285317', '-123.113993')
J3T,('46.226588', '-72.612116')
P2A,('45.3539465', '-80.0275585')
J0B,('45.0102224', '-72.1474587')
R0B,('54.166281', '-101.387484')
G0X,('46.8118591308594', '-72.5042495727539')
R6T,('49.202212', '-98.227937')
G5T,('47.5456657', '-68.6437975')
A1K,('47.601437', '-52.66856')
A0E,('47.2336616516113', '-55.3613586425781')
R3A,('49.900086', '-97.149831')
G0J,('48.337168', '-67.287622')
A0A,('47.388498', '-53.169687')
B1N,('46.1532101', '-60.1765656')
P7L,('48.1479633', '-89.3390519')
H3E,('45.459973', '-73.546474')
S7W,('52.14766', '-106.561463')
N0G,('44.0597897', '-80.7598221')
E6A,('46.365019', '-66.721958')
N6M,('42.9892009', '-81.1380742')
G6X,('46.7169', '-71.260513')
J0K,('46.112268', '-73.59708')
K2R,('45.3044', '-75.82272')
E5H,('45.1144412', '-66.7047313')
J2M,('45.358175', '-72.587125')
R0J,('50.521037', '-100.206019')
T1R,('50.571293', '-111.88696')
H2W,('45.516365', '-73.575093')
L9J,('44.3893013000488', '-79.6863174438477')
G6K,('46.70526', '-71.288915')
R4A,('49.997427', '-97.148746')
K7N,('44.2203064', '-76.6431056')
V0L,('52.424609', '-122.312035')
B2J,('45.7396583557129', '-60.3707237243652')
J0X,('45.78947', '-76.145346')
B0H,('45.535195', '-61.826747')
J0T,('46.1817689', '-74.9848597')
B2C,('45.980918', '-60.831365')
S9X,('54.13025', '-108.41856')
B0E,('46.2486851', '-60.851817')
G4S,('50.236511', '-66.388502')
G7K,('48.40357', '-71.124704')
A2B,('48.960153', '-55.663918')
L0R,('43.202236', '-80.076455')
J2R,('45.6658616', '-72.9542105')
L1Y,('43.977927', '-79.136141')
E6L,('46.13415', '-67.070638')
R9A,('53.828355', '-101.267759')
E8P,('47.66922', '-64.82661')
G8G,('48.390502', '-71.887076')
B0K,('45.3958758', '-62.5770235')
P0M,('46.362467', '-80.4167049')
V0N,('49.623818', '-123.205511')
S7V,('52.101758', '-106.56562')
B0W,('43.59399', '-65.63927')
V0C,('55.125795', '-120.993154')
J4N,('45.5511477', '-73.4388905')
T6Y,('53.3959278', '-113.492043')
T0G,('55.285922', '-114.768176')
N0B,('43.788439', '-80.311361')
B0M,('45.5791425', '-63.9477292')
V7X,('49.285416', '-123.119837')
G0L,('47.836255', '-68.639544')
B1R,('46.11726', '-60.246812')
M4X,('43.665273', '-79.365084')
J0P,('45.358468', '-74.241206')
G0V,('48.40932', '-70.490059')
L0G,('44.039772', '-79.607498')
R4L,('49.975516', '-97.67985')
G0Z,('46.255087', '-72.009402')
J0Y,('48.548272', '-77.95465')
P8T,('50.095512', '-91.9082439')
N4L,('44.603586', '-80.585842')
T6S,('53.575476', '-113.305308')
R5A,('49.672381', '-97.111756')
B0J,('44.787808', '-63.148726')
V7B,('49.1919151', '-123.144115')
M4H,('43.703518', '-79.350916')
K4K,('45.5405246', '-75.2982971')
R0G,('49.06981', '-98.761936')
P0L,('49.286577', '-81.554261')
T4J,('52.679277', '-113.574059')
G0W,('48.393896', '-71.954602')
G0N,('46.0782044', '-71.1990669')
L0J,('43.812831', '-79.642352')
N1P,('43.3378619', '-80.2962385')
T0H,('56.168908', '-118.084416')
J0G,('45.964633', '-72.77013')
L6G,('43.84577', '-79.332473')
S7S,('52.15379', '-106.593953')
T1Z,('51.1286289', '-113.667155')
V4Z,('49.09828', '-121.894389')
S0P,('54.912216', '-103.371051')
S7R,('52.196297', '-106.677659')
P0T,('49.125056', '-85.829252')
R5N,('49.935668', '-96.848134')
T1L,('51.179197', '-115.569694')
R0A,('49.260803', '-96.939694')
P4P,('48.496924', '-81.348036')
M5L,('43.6481985', '-79.3798169')
V0X,('49.273934', '-121.23724')
S0L,('51.5083999633789', '-108.488525390625')
E6E,('45.879608', '-67.232556')
N0E,('42.899097', '-80.254473')
J0L,('45.494138', '-73.365649')
T4M,('52.391590', '-113.809032')
N7W,('42.983917', '-82.330737')
G7T,('48.4057701', '-71.2100717')
G0T,('48.245037', '-69.546165')
M7R,('43.635665', '-79.617474')
S7T,('52.0862639', '-106.6287732')
G0P,('46.153275', '-71.707873')
R0E,('50.205944', '-96.325197')
L0K,('44.4293703', '-79.1534702')
M7Y,('43.664352', '-79.313696')
B1W,('45.924509', '-60.644925')
J0S,('45.02937', '-73.92373')
P0W,('48.713333', '-94.302222')
N0K,('43.404963', '-81.028539')
G0Y,('45.5155866', '-71.0962069')
R0H,('49.9897361', '-97.4472386')
N3E,('43.4281218', '-80.3418331')
V7Y,('49.281639', '-123.124712')
G0E,('49.2160110473633', '-65.7970352172852')
B0N,('44.819594', '-64.318054')
B2E,('45.6245357', '-61.9841112')
R1B,('50.0804642', '-96.9330423')
N0P,('42.642269', '-82.084826')
N0R,('42.079082', '-82.792258')
K0K,('44.5052295', '-77.4726363')
S4Z,('50.454485', '-104.534539')
L5S,('43.688431', '-79.671371')
S0J,('53.004206', '-104.869898')
B1M,('46.121617', '-60.175805')
K2W,('45.349458', '-75.950269')
P0J,('47.8242362', '-79.8738283')
T3S,('50.959771', '-113.912082')
R4J,('49.861329', '-97.421138')
K6T,('44.625848', '-75.741445')
A0J,('49.5078631', '-56.1676034')
G8C,('48.5320138', '-71.6578582')
G0H,('49.066614', '-68.542856')
K8R,('44.1475569', '-77.4605703')
B4R,('45.06247', '-64.585163')
L0N,('44.196263', '-80.285201')
L0A,('44.031875', '-78.314651')
X0E,('60.412993', '-121.13487')
H9K,('45.4592375', '-73.9038049')
C0B,('46.949421', '-64.107275')
G0C,('48.408696', '-64.41927')
R1C,('49.941412', '-96.836005')
T0C,('53.140274', '-114.929987')
N0M,('43.344679', '-81.480188')
L0M,('44.43742', '-80.00354')
T8C,('53.4700525', '-113.1969427')
K0B,('45.558478', '-74.817966')
L5P,('43.690389', '-79.623774')
J0N,('45.602442', '-73.926673')
N0J,('42.98695', '-80.757064')
A0P,('55.087618', '-59.171237')
N7X,('43.025373', '-82.305274')
A0M,('47.9356455', '-58.1358161')
N0N,('42.786999', '-82.271444')
K0J,('46.0159102', '-77.4522761')
L0P,('43.522467', '-79.747031')
R5J,('49.7906521', '-96.5931642')
A1Y,('47.745747', '-53.218353')
L0L,('44.512721', '-79.611236')
R5L,('49.8811655', '-96.6233317')
P0H,('46.097228', '-79.515361')
P0C,('45.090221', '-79.717592')
T0P,('55.94052', '-110.73745')
J0C,('45.771864', '-72.285053')
V0P,('49.927861', '-126.656541')
R0K,('49.4371378', '-99.8235004')
B0T,('44.197688', '-64.946547')
G7Y,('48.397576', '-71.26407')
S0E,('53.091485', '-104.683773')
P0B,('45.156563', '-79.650755')
P0A,('45.490145', '-79.462266')
R5P,('49.8859088', '-96.8428458')
X0C,('61.10851677', '-94.06563781')
R6P,('49.099996', '-97.890283')
J0J,('45.183907', '-73.162155')
N0C,('44.260871', '-80.497161')
N9K,('42.291533', '-82.877768')
V0W,('59.480782', '-133.631242')
V0M,('49.192394', '-122.074045')
S2V,('50.78548', '-104.952307')
N4X,('43.2621152', '-81.1178188')
P0X,('49.11104', '-93.92618')
J0E,('45.436306', '-72.478887')
B0R,('44.469069', '-64.620343')
B0L,('45.641582', '-64.307997')
N8V,('42.2542393', '-82.9635844')
L0E,('44.277143', '-79.311521')
L2W,('43.168382', '-79.278992')
P0E,('44.893592', '-79.531824')
J0W,('46.488667', '-75.105463')
V0V,('54.033483', '-130.307151')
P0S,('47.935546', '-84.826059')
V0S,('48.502717', '-123.943038')
K0G,('44.723096', '-75.875402')
P0G,('45.764886', '-80.554236')
P0N,('48.570268', '-81.226691')
N0A,('42.7867144', '-80.2070328')
A0L,('48.708402', '-58.245955')
L0H,('43.922748', '-79.070877')
P0R,('46.313964', '-83.265333')
L0C,('44.189426', '-79.207898')
E2R,('45.277322', '-66.010573')
H0M,('45.0006988', '-74.6476971')
A0R,('52.8973617553711', '-66.8686370849609')
L0B,('44.113139', '-78.820038')
X0G,('60.235895', '-123.462936')
S7B,('52.103309', '-106.439435')
Y0A,('60.1686052', '-132.7203711')
P0Y,('49.785726', '-95.116774')
